-- 知微AI教学助手 — 演示帐套仿真数据 v2
-- 虚拟学校"树人实验小学"，3教师，3班级，60学生，完整教学闭环

-- ── 学校 ──
INSERT INTO schools (id, name, region, contact, phone) VALUES
('00000000-0000-0000-0000-000000000001', '树人实验小学', '北京市海淀区', '教务处王主任', '010-62510000');

-- ── 教师 (5人：3学科 + 1教务 + 1管理员) ──
INSERT INTO users (id, school_id, phone, password_hash, role, name, grade, subject) VALUES
('a0000000-0000-0000-0000-000000000001', '00000000-0000-0000-0000-000000000001', '13800000001', '$2a$12$placeholder', 'teacher', '张秀兰', '四年级', '语文'),
('a0000000-0000-0000-0000-000000000002', '00000000-0000-0000-0000-000000000001', '13800000002', '$2a$12$placeholder', 'teacher', '李建国', '四年级', '数学'),
('a0000000-0000-0000-0000-000000000003', '00000000-0000-0000-0000-000000000001', '13800000003', '$2a$12$placeholder', 'teacher', '王芳', '五年级', '英语'),
('a0000000-0000-0000-0000-000000000004', '00000000-0000-0000-0000-000000000001', '13800000004', '$2a$12$placeholder', 'director', '刘主任', '教务', ''),
('a0000000-0000-0000-0000-000000000005', '00000000-0000-0000-0000-000000000001', '13800000005', '$2a$12$placeholder', 'admin', '赵校长', '管理', '');

-- ── 班级 (3个) ──
INSERT INTO classes (id, school_id, name, grade) VALUES
('b0000000-0000-0000-0000-000000000001', '00000000-0000-0000-0000-000000000001', '四年级(1)班', '四年级'),
('b0000000-0000-0000-0000-000000000002', '00000000-0000-0000-0000-000000000001', '四年级(2)班', '四年级'),
('b0000000-0000-0000-0000-000000000003', '00000000-0000-0000-0000-000000000001', '五年级(1)班', '五年级');

-- ── 教师任教 ──
INSERT INTO teacher_classes (teacher_id, class_id, subject) VALUES
('a0000000-0000-0000-0000-000000000001', 'b0000000-0000-0000-0000-000000000001', '语文'),
('a0000000-0000-0000-0000-000000000002', 'b0000000-0000-0000-0000-000000000001', '数学'),
('a0000000-0000-0000-0000-000000000002', 'b0000000-0000-0000-0000-000000000002', '数学'),
('a0000000-0000-0000-0000-000000000003', 'b0000000-0000-0000-0000-000000000003', '英语');

-- ── 学生 (60人：每班20人) ──
-- 四年级(1)班 — 20人
INSERT INTO users (id, school_id, phone, password_hash, role, name, grade) VALUES
('s0000000-0000-0000-0000-000000000001', '00000000-0000-0000-0000-000000000001', '13901010001', 'student_pwd', 'student', '李明', '四年级'),
('s0000000-0000-0000-0000-000000000002', '00000000-0000-0000-0000-000000000001', '13901010002', 'student_pwd', 'student', '王小红', '四年级'),
('s0000000-0000-0000-0000-000000000003', '00000000-0000-0000-0000-000000000001', '13901010003', 'student_pwd', 'student', '张伟', '四年级'),
('s0000000-0000-0000-0000-000000000004', '00000000-0000-0000-0000-000000000001', '13901010004', 'student_pwd', 'student', '刘洋', '四年级'),
('s0000000-0000-0000-0000-000000000005', '00000000-0000-0000-0000-000000000001', '13901010005', 'student_pwd', 'student', '陈思雨', '四年级'),
('s0000000-0000-0000-0000-000000000006', '00000000-0000-0000-0000-000000000001', '13901010006', 'student_pwd', 'student', '赵文博', '四年级'),
('s0000000-0000-0000-0000-000000000007', '00000000-0000-0000-0000-000000000001', '13901010007', 'student_pwd', 'student', '孙悦', '四年级'),
('s0000000-0000-0000-0000-000000000008', '00000000-0000-0000-0000-000000000001', '13901010008', 'student_pwd', 'student', '周易', '四年级'),
('s0000000-0000-0000-0000-000000000009', '00000000-0000-0000-0000-000000000001', '13901010009', 'student_pwd', 'student', '吴佳怡', '四年级'),
('s0000000-0000-0000-0000-000000000010', '00000000-0000-0000-0000-000000000001', '13901010010', 'student_pwd', 'student', '郑浩', '四年级'),
('s0000000-0000-0000-0000-000000000011', '00000000-0000-0000-0000-000000000001', '13901010011', 'student_pwd', 'student', '黄雨萱', '四年级'),
('s0000000-0000-0000-0000-000000000012', '00000000-0000-0000-0000-000000000001', '13901010012', 'student_pwd', 'student', '许子轩', '四年级'),
('s0000000-0000-0000-0000-000000000013', '00000000-0000-0000-0000-000000000001', '13901010013', 'student_pwd', 'student', '何梓涵', '四年级'),
('s0000000-0000-0000-0000-000000000014', '00000000-0000-0000-0000-000000000001', '13901010014', 'student_pwd', 'student', '林俊杰', '四年级'),
('s0000000-0000-0000-0000-000000000015', '00000000-0000-0000-0000-000000000001', '13901010015', 'student_pwd', 'student', '杨诗涵', '四年级'),
('s0000000-0000-0000-0000-000000000016', '00000000-0000-0000-0000-000000000001', '13901010016', 'student_pwd', 'student', '朱瑞', '四年级'),
('s0000000-0000-0000-0000-000000000017', '00000000-0000-0000-0000-000000000001', '13901010017', 'student_pwd', 'student', '秦梦琪', '四年级'),
('s0000000-0000-0000-0000-000000000018', '00000000-0000-0000-0000-000000000001', '13901010018', 'student_pwd', 'student', '胡天成', '四年级'),
('s0000000-0000-0000-0000-000000000019', '00000000-0000-0000-0000-000000000001', '13901010019', 'student_pwd', 'student', '高思远', '四年级'),
('s0000000-0000-0000-0000-000000000020', '00000000-0000-0000-0000-000000000001', '13901010020', 'student_pwd', 'student', '马晓萌', '四年级');

-- 四年级(2)班 — 20人
INSERT INTO users (id, school_id, phone, password_hash, role, name, grade) VALUES
('s0000000-0000-0000-0000-000000000021', '00000000-0000-0000-0000-000000000001', '13901020001', 'student_pwd', 'student', '罗一鸣', '四年级'),
('s0000000-0000-0000-0000-000000000022', '00000000-0000-0000-0000-000000000001', '13901020002', 'student_pwd', 'student', '梁小雅', '四年级'),
('s0000000-0000-0000-0000-000000000023', '00000000-0000-0000-0000-000000000001', '13901020003', 'student_pwd', 'student', '宋宇轩', '四年级'),
('s0000000-0000-0000-0000-000000000024', '00000000-0000-0000-0000-000000000001', '13901020004', 'student_pwd', 'student', '唐艺菲', '四年级'),
('s0000000-0000-0000-0000-000000000025', '00000000-0000-0000-0000-000000000001', '13901020005', 'student_pwd', 'student', '韩雪', '四年级'),
('s0000000-0000-0000-0000-000000000026', '00000000-0000-0000-0000-000000000001', '13901020006', 'student_pwd', 'student', '冯思源', '四年级'),
('s0000000-0000-0000-0000-000000000027', '00000000-0000-0000-0000-000000000001', '13901020007', 'student_pwd', 'student', '曹雨欣', '四年级'),
('s0000000-0000-0000-0000-000000000028', '00000000-0000-0000-0000-000000000001', '13901020008', 'student_pwd', 'student', '邓浩然', '四年级'),
('s0000000-0000-0000-0000-000000000029', '00000000-0000-0000-0000-000000000001', '13901020009', 'student_pwd', 'student', '彭佳琪', '四年级'),
('s0000000-0000-0000-0000-000000000030', '00000000-0000-0000-0000-000000000001', '13901020010', 'student_pwd', 'student', '肖宇航', '四年级'),
('s0000000-0000-0000-0000-000000000031', '00000000-0000-0000-0000-000000000001', '13901020011', 'student_pwd', 'student', '田甜', '四年级'),
('s0000000-0000-0000-0000-000000000032', '00000000-0000-0000-0000-000000000001', '13901020012', 'student_pwd', 'student', '董志豪', '四年级'),
('s0000000-0000-0000-0000-000000000033', '00000000-0000-0000-0000-000000000001', '13901020013', 'student_pwd', 'student', '袁媛', '四年级'),
('s0000000-0000-0000-0000-000000000034', '00000000-0000-0000-0000-000000000001', '13901020014', 'student_pwd', 'student', '蔡明辉', '四年级'),
('s0000000-0000-0000-0000-000000000035', '00000000-0000-0000-0000-000000000001', '13901020015', 'student_pwd', 'student', '潘悦然', '四年级'),
('s0000000-0000-0000-0000-000000000036', '00000000-0000-0000-0000-000000000001', '13901020016', 'student_pwd', 'student', '谢天佑', '四年级'),
('s0000000-0000-0000-0000-000000000037', '00000000-0000-0000-0000-000000000001', '13901020017', 'student_pwd', 'student', '吕诗琦', '四年级'),
('s0000000-0000-0000-0000-000000000038', '00000000-0000-0000-0000-000000000001', '13901020018', 'student_pwd', 'student', '苏晨曦', '四年级'),
('s0000000-0000-0000-0000-000000000039', '00000000-0000-0000-0000-000000000001', '13901020019', 'student_pwd', 'student', '蒋子涵', '四年级'),
('s0000000-0000-0000-0000-000000000040', '00000000-0000-0000-0000-000000000001', '13901020020', 'student_pwd', 'student', '沈嘉怡', '四年级');

-- 五年级(1)班 — 20人
INSERT INTO users (id, school_id, phone, password_hash, role, name, grade) VALUES
('s0000000-0000-0000-0000-000000000041', '00000000-0000-0000-0000-000000000001', '13901030001', 'student_pwd', 'student', '陈晓峰', '五年级'),
('s0000000-0000-0000-0000-000000000042', '00000000-0000-0000-0000-000000000001', '13901030002', 'student_pwd', 'student', '杨雨彤', '五年级'),
('s0000000-0000-0000-0000-000000000043', '00000000-0000-0000-0000-000000000001', '13901030003', 'student_pwd', 'student', '王子涵', '五年级'),
('s0000000-0000-0000-0000-000000000044', '00000000-0000-0000-0000-000000000001', '13901030004', 'student_pwd', 'student', '刘馨月', '五年级'),
('s0000000-0000-0000-0000-000000000045', '00000000-0000-0000-0000-000000000001', '13901030005', 'student_pwd', 'student', '张宇豪', '五年级'),
('s0000000-0000-0000-0000-000000000046', '00000000-0000-0000-0000-000000000001', '13901030006', 'student_pwd', 'student', '李梦琪', '五年级'),
('s0000000-0000-0000-0000-000000000047', '00000000-0000-0000-0000-000000000001', '13901030007', 'student_pwd', 'student', '赵天磊', '五年级'),
('s0000000-0000-0000-0000-000000000048', '00000000-0000-0000-0000-000000000001', '13901030008', 'student_pwd', 'student', '孙思源', '五年级'),
('s0000000-0000-0000-0000-000000000049', '00000000-0000-0000-0000-000000000001', '13901030009', 'student_pwd', 'student', '周雨萱', '五年级'),
('s0000000-0000-0000-0000-000000000050', '00000000-0000-0000-0000-000000000001', '13901030010', 'student_pwd', 'student', '吴子豪', '五年级'),
('s0000000-0000-0000-0000-000000000051', '00000000-0000-0000-0000-000000000001', '13901030011', 'student_pwd', 'student', '郑雅琪', '五年级'),
('s0000000-0000-0000-0000-000000000052', '00000000-0000-0000-0000-000000000001', '13901030012', 'student_pwd', 'student', '黄浩然', '五年级'),
('s0000000-0000-0000-0000-000000000053', '00000000-0000-0000-0000-000000000001', '13901030013', 'student_pwd', 'student', '许文博', '五年级'),
('s0000000-0000-0000-0000-000000000054', '00000000-0000-0000-0000-000000000001', '13901030014', 'student_pwd', 'student', '何欣怡', '五年级'),
('s0000000-0000-0000-0000-000000000055', '00000000-0000-0000-0000-000000000001', '13901030015', 'student_pwd', 'student', '林志远', '五年级'),
('s0000000-0000-0000-0000-000000000056', '00000000-0000-0000-0000-000000000001', '13901030016', 'student_pwd', 'student', '杨博文', '五年级'),
('s0000000-0000-0000-0000-000000000057', '00000000-0000-0000-0000-000000000001', '13901030017', 'student_pwd', 'student', '朱雨桐', '五年级'),
('s0000000-0000-0000-0000-000000000058', '00000000-0000-0000-0000-000000000001', '13901030018', 'student_pwd', 'student', '秦天宇', '五年级'),
('s0000000-0000-0000-0000-000000000059', '00000000-0000-0000-0000-000000000001', '13901030019', 'student_pwd', 'student', '胡晓萌', '五年级'),
('s0000000-0000-0000-0000-000000000060', '00000000-0000-0000-0000-000000000001', '13901030020', 'student_pwd', 'student', '高志远', '五年级');

-- ── 学生分班 ──
INSERT INTO student_classes (student_id, class_id)
SELECT id, 'b0000000-0000-0000-0000-000000000001' FROM users WHERE id BETWEEN 's0000000-0000-0000-0000-000000000001' AND 's0000000-0000-0000-0000-000000000020';
INSERT INTO student_classes (student_id, class_id)
SELECT id, 'b0000000-0000-0000-0000-000000000002' FROM users WHERE id BETWEEN 's0000000-0000-0000-0000-000000000021' AND 's0000000-0000-0000-0000-000000000040';
INSERT INTO student_classes (student_id, class_id)
SELECT id, 'b0000000-0000-0000-0000-000000000003' FROM users WHERE id BETWEEN 's0000000-0000-0000-0000-000000000041' AND 's0000000-0000-0000-0000-000000000060';

-- ── 教案 (6份：语/数/英各2份，覆盖四年级+五年级) ──
INSERT INTO lesson_plans (id, teacher_id, school_id, subject, grade, lesson_title, period, content, curriculum_alignments, status, ai_generated, ai_model_version, format_template) VALUES
('p0000000-0000-0000-0000-000000000001', 'a0000000-0000-0000-0000-000000000001', '00000000-0000-0000-0000-000000000001', '语文', '四年级', '《观潮》第一课时', 1, '{"objectives":{"knowledge":"理解课文按时间顺序描写大潮的写法","skill":"能边读边想象画面","emotion":"感受祖国山河壮美"},"key_points":["理解大潮来前、来时、过后的景象变化"],"difficulties":["体会比喻句的表达效果"],"process":[{"step":1,"phase":"导入","content":"播放钱塘江大潮视频(1分钟)，提问：你看到了什么？","duration":5},{"step":2,"phase":"初读","content":"自由朗读课文，圈画生字词，整体感知","duration":8},{"step":3,"phase":"精读","content":"品读描写大潮"来前"和"来时"的段落，体会比喻手法","duration":15},{"step":4,"phase":"练习","content":"完成课后习题1-3题，小组讨论第4题","duration":10},{"step":5,"phase":"小结","content":"总结课文结构：等潮→看潮→潮过，布置抄写作业","duration":2}]}', '[{"code":"3.2.1","content":"能联系上下文理解词句意思","aligned":true},{"code":"3.2.2","content":"能初步把握文章主要内容","aligned":true},{"code":"3.2.3","content":"能复述叙事性作品大意","aligned":true}]', 'final', true, 'qwen-plus', 'core_literacy'),

('p0000000-0000-0000-0000-000000000002', 'a0000000-0000-0000-0000-000000000001', '00000000-0000-0000-0000-000000000001', '语文', '四年级', '《桂花雨》精读课', 1, '{"objectives":{"knowledge":"理解作者借物抒情的写作手法","skill":"学习细节描写表达情感","emotion":"体会作者对故乡的思念之情"},"key_points":["品读摇花乐的场景描写"],"difficulties":["理解\"这里的桂花再香，也比不上家乡院子里的桂花\""],"process":[{"step":1,"phase":"导入","content":"展示桂花图片，请学生谈谈对桂花的印象","duration":3},{"step":2,"phase":"初读","content":"默读课文，找出生动描写的句子","duration":10},{"step":3,"phase":"品读","content":"围绕\"摇花乐\"组织小组讨论：作者如何表现快乐？","duration":15},{"step":4,"phase":"拓展","content":"仿写：选择一种花，写一段表达情感的短文","duration":10},{"step":5,"phase":"小结","content":"总结借物抒情手法，推荐阅读课外美文","duration":2}]}', '[{"code":"3.2.2","content":"能初步把握文章主要内容","aligned":true},{"code":"3.2.4","content":"能体会文章表达的思想感情","aligned":true}]', 'final', true, 'qwen-plus', 'core_literacy'),

('p0000000-0000-0000-0000-000000000003', 'a0000000-0000-0000-0000-000000000002', '00000000-0000-0000-0000-000000000001', '数学', '四年级', '分数加减法(同分母)', 1, '{"objectives":{"knowledge":"理解同分母分数加减法的算理","skill":"能正确计算同分母分数加减法","emotion":"感受数学的严谨性"},"key_points":["同分母分数加减法的计算法则"],"difficulties":["理解\"分母不变，分子相加减\"的算理"],"process":[{"step":1,"phase":"导入","content":"复习分数的意义：1个蛋糕平均分8份，每份是几分之几？","duration":5},{"step":2,"phase":"新授","content":"出示例题：吃3/8+2/8。借助圆形图演示算理","duration":12},{"step":3,"phase":"练习","content":"完成课本P79练一练，指名板演","duration":12},{"step":4,"phase":"巩固","content":"解决实际问题：小明吃了1/4个西瓜，小红吃了2/4个，一共吃了多少？","duration":8},{"step":5,"phase":"小结","content":"总结法则，布置作业：课本P80第1-5题","duration":3}]}', '[{"code":"4.1.3","content":"能进行同分母分数加减法","aligned":true},{"code":"4.1.4","content":"能解决简单的分数实际问题","aligned":true}]', 'final', true, 'qwen-plus', 'core_literacy'),

('p0000000-0000-0000-0000-000000000004', 'a0000000-0000-0000-0000-000000000002', '00000000-0000-0000-0000-000000000001', '数学', '四年级', '分数加减法(异分母)', 2, '{"objectives":{"knowledge":"理解通分的必要性，掌握通分方法","skill":"能正确计算异分母分数加减法","emotion":"体会转化思想在数学中的应用"},"key_points":["通分的方法","异分母分数加减法转化为同分母"]}', '[{"code":"4.1.3","content":"能进行简单的分数加减法","aligned":true}]', 'final', true, 'qwen-plus', 'core_literacy'),

('p0000000-0000-0000-0000-000000000005', 'a0000000-0000-0000-0000-000000000003', '00000000-0000-0000-0000-000000000001', '英语', '五年级', 'Unit 3 My School Calendar Part A', 1, '{"objectives":{"knowledge":"掌握月份词汇January-December","skill":"能用When is...?句型问答","emotion":"了解中西方节日文化差异"},"key_points":["12个月份的发音和拼写","When is + 节日?"],"difficulties":["September/November/December的发音"]}', '[{"code":"5.1.1","content":"能听懂课堂活动中简单的提问","aligned":true}]', 'final', true, 'qwen-plus', 'core_literacy'),

('p0000000-0000-0000-0000-000000000006', 'a0000000-0000-0000-0000-000000000003', '00000000-0000-0000-0000-000000000001', '英语', '五年级', 'Unit 5 Whose dog is it?', 1, '{"objectives":{"knowledge":"掌握名词性物主代词mine/yours/his/hers/ours/theirs","skill":"能用Whose...is it?问答物品归属"}',"status":"draft"}', '[]', 'draft', false, '', '3d_objective');

-- ── 作业 (4份：覆盖语/数/英) ──
INSERT INTO assignments (id, teacher_id, class_id, school_id, subject, title, type, questions, due_date) VALUES
('e0000000-0000-0000-0000-000000000001', 'a0000000-0000-0000-0000-000000000001', 'b0000000-0000-0000-0000-000000000001', '00000000-0000-0000-0000-000000000001', '语文', '《观潮》课后练习', 'exercise',
 '[{"q_id":"q1","type":"choice","content":"钱塘江大潮发生在哪个省？","options":["浙江省","江苏省","福建省","广东省"],"answer":"浙江省","score":10},
   {"q_id":"q2","type":"fill","content":"课文是按照____、____、____的顺序描写大潮的。","answer":"来前|来时|过后","score":15},
   {"q_id":"q3","type":"choice","content":"号称\"天下奇观\"的奇观是指什么？","options":["日出","钱塘江大潮","黄山云海","壶口瀑布"],"answer":"钱塘江大潮","score":10},
   {"q_id":"q4","type":"calculation","content":"请用一句话概括课文的主要内容。","answer":"","score":20}]',
 '2026-06-25'),

('e0000000-0000-0000-0000-000000000002', 'a0000000-0000-0000-0000-000000000002', 'b0000000-0000-0000-0000-000000000001', '00000000-0000-0000-0000-000000000001', '数学', '分数加减法练习', 'exercise',
 '[{"q_id":"q5","type":"choice","content":"3/8 + 5/8 = ?","options":["1","8/8","2/8","1/2"],"answer":"1","score":10},
   {"q_id":"q6","type":"fill","content":"7/12 - 4/12 = __/12","answer":"3","score":10},
   {"q_id":"q7","type":"choice","content":"小明吃了1/4个西瓜，小红吃了2/4个，一共吃了多少？","options":["1/2","3/4","3/8","4/4"],"answer":"3/4","score":10},
   {"q_id":"q8","type":"calculation","content":"一块土地，种黄瓜用去3/10，种番茄用去4/10，还剩下几分之几？","answer":"3/10","score":15},
   {"q_id":"q9","type":"fill","content":"同分母分数相加减，分母____，分子____。","answer":"不变|相加减","score":10},
   {"q_id":"q10","type":"choice","content":"5/6 - 2/6 = ?","options":["1/2","3/6","1/3","3/0"],"answer":"1/2","score":10}]',
 '2026-06-24'),

('e0000000-0000-0000-0000-000000000003', 'a0000000-0000-0000-0000-000000000002', 'b0000000-0000-0000-0000-000000000002', '00000000-0000-0000-0000-000000000001', '数学', '四则运算综合练习', 'exercise',
 '[{"q_id":"q11","type":"calculation","content":"125 + 378 - 203 = ?","answer":"300","score":10},
   {"q_id":"q12","type":"choice","content":"(56+44)×12 = ?","options":["1200","1000","1100","1300"],"answer":"1200","score":10},
   {"q_id":"q13","type":"fill","content":"540÷9 + 37 = __","answer":"97","score":10},
   {"q_id":"q14","type":"calculation","content":"一箱苹果24个，买3箱后送给王阿姨48个，还剩下多少个？","answer":"24","score":15}]',
 '2026-06-26'),

('e0000000-0000-0000-0000-000000000004', 'a0000000-0000-0000-0000-000000000003', 'b0000000-0000-0000-0000-000000000003', '00000000-0000-0000-0000-000000000001', '英语', 'Unit 3 Vocabulary Quiz', 'exercise',
 '[{"q_id":"q15","type":"choice","content":"Which month comes after June?","options":["July","August","May","April"],"answer":"July","score":10},
   {"q_id":"q16","type":"fill","content":"Teachers Day is in ____ (九月).","answer":"September","score":10},
   {"q_id":"q17","type":"choice","content":"When is National Day?","options":["October 1st","January 1st","June 1st","September 10th"],"answer":"October 1st","score":10}]',
 '2026-06-27');

-- ── 学生提交 (6条：3份数学作业提交 + 1份语文 + 2份英语) ──
INSERT INTO submissions (id, assignment_id, student_id, answers, submitted_at, status) VALUES
('b0000000-0000-0000-0000-000000000001', 'e0000000-0000-0000-0000-000000000002', 's0000000-0000-0000-0000-000000000001', '{"q5":"1","q6":"3","q7":"3/4","q8":"3/10","q9":"不变|相加减","q10":"1/2"}', '2026-06-20 14:30', 'submitted'),
('b0000000-0000-0000-0000-000000000002', 'e0000000-0000-0000-0000-000000000002', 's0000000-0000-0000-0000-000000000002', '{"q5":"1","q6":"3","q7":"3/4","q8":"2/10","q9":"不变|相加减","q10":"3/6"}', '2026-06-20 15:00', 'submitted'),
('b0000000-0000-0000-0000-000000000003', 'e0000000-0000-0000-0000-000000000002', 's0000000-0000-0000-0000-000000000003', '{"q5":"8/8","q6":"2","q7":"1/2","q8":"4/10","q9":"相乘|相加","q10":"2/6"}', '2026-06-20 16:00', 'submitted'),
('b0000000-0000-0000-0000-000000000004', 'e0000000-0000-0000-0000-000000000002', 's0000000-0000-0000-0000-000000000004', '{"q5":"1","q6":"3","q7":"3/4","q8":"3/10","q9":"不变|相加减","q10":"1/2"}', '2026-06-20 16:30', 'submitted'),
('b0000000-0000-0000-0000-000000000005', 'e0000000-0000-0000-0000-000000000001', 's0000000-0000-0000-0000-000000000001', '{"q1":"浙江省","q2":"来前|来时|过后","q3":"钱塘江大潮","q4":"课文描写了钱塘江大潮的壮观景象"}', '2026-06-21 08:30', 'submitted'),
('b0000000-0000-0000-0000-000000000006', 'e0000000-0000-0000-0000-000000000004', 's0000000-0000-0000-0000-000000000041', '{"q15":"July","q16":"September","q17":"October 1st"}', '2026-06-21 09:00', 'submitted');

-- ── AI批阅结果 (6条，对应上面的6条提交) ──
INSERT INTO grading_results (id, submission_id, assignment_id, student_id, results, total_score, ai_confidence, status) VALUES
('g0000000-0000-0000-0000-000000000001', 'b0000000-0000-0000-0000-000000000001', 'e0000000-0000-0000-0000-000000000002', 's0000000-0000-0000-0000-000000000001',
 '{"q5":{"score":10,"correct":true,"feedback":"正确"},"q6":{"score":10,"correct":true,"feedback":"正确"},"q7":{"score":10,"correct":true,"feedback":"正确"},"q8":{"score":15,"correct":true,"feedback":"解题思路清晰"},"q9":{"score":10,"correct":true,"feedback":"法则掌握牢固"},"q10":{"score":10,"correct":true,"feedback":"化简后正确"}}',
 65, 0.98, 'ai_graded'),

('g0000000-0000-0000-0000-000000000002', 'b0000000-0000-0000-0000-000000000002', 'e0000000-0000-0000-0000-000000000002', 's0000000-0000-0000-0000-000000000002',
 '{"q5":{"score":10,"correct":true,"feedback":"正确"},"q6":{"score":10,"correct":true,"feedback":"正确"},"q7":{"score":10,"correct":true,"feedback":"正确"},"q8":{"score":0,"correct":false,"feedback":"应是3/10，请检查计算过程"},"q9":{"score":10,"correct":true,"feedback":"正确"},"q10":{"score":5,"correct":false,"feedback":"答案对但未化简，3/6应化简为1/2"}}',
 45, 0.86, 'ai_graded'),

('g0000000-0000-0000-0000-000000000003', 'b0000000-0000-0000-0000-000000000003', 'e0000000-0000-0000-0000-000000000002', 's0000000-0000-0000-0000-000000000003',
 '{"q5":{"score":0,"correct":false,"feedback":"混淆了分数加法，8/8=1才是正确答案"},"q6":{"score":0,"correct":false,"feedback":"7-4=3，应填3"},"q7":{"score":0,"correct":false,"feedback":"1/4+2/4=3/4"},"q8":{"score":0,"correct":false,"feedback":"1-3/10-4/10=3/10"},"q9":{"score":5,"correct":false,"feedback":"法则错误"},"q10":{"score":0,"correct":false,"feedback":"5/6-2/6=3/6=1/2"}}',
 5, 0.72, 'ai_graded'),

('g0000000-0000-0000-0000-000000000004', 'b0000000-0000-0000-0000-000000000004', 'e0000000-0000-0000-0000-000000000002', 's0000000-0000-0000-0000-000000000004',
 '{"q5":{"score":10,"correct":true,"feedback":"正确"},"q6":{"score":10,"correct":true,"feedback":"正确"},"q7":{"score":10,"correct":true,"feedback":"正确"},"q8":{"score":15,"correct":true,"feedback":"正确"},"q9":{"score":10,"correct":true,"feedback":"正确"},"q10":{"score":10,"correct":true,"feedback":"正确"}}',
 65, 0.99, 'ai_graded'),

('g0000000-0000-0000-0000-000000000005', 'b0000000-0000-0000-0000-000000000005', 'e0000000-0000-0000-0000-000000000001', 's0000000-0000-0000-0000-000000000001',
 '{"q1":{"score":10,"correct":true,"feedback":"正确"},"q2":{"score":15,"correct":true,"feedback":"顺序完整"},"q3":{"score":10,"correct":true,"feedback":"正确"},"q4":{"score":18,"correct":true,"feedback":"概括准确，语言流畅得18分"}}',
 53, 0.95, 'ai_graded'),

('g0000000-0000-0000-0000-000000000006', 'b0000000-0000-0000-0000-000000000006', 'e0000000-0000-0000-0000-000000000004', 's0000000-0000-0000-0000-000000000041',
 '{"q15":{"score":10,"correct":true,"feedback":"Correct!"},"q16":{"score":10,"correct":true,"feedback":"Good spelling!"},"q17":{"score":10,"correct":true,"feedback":"Correct!"}}',
 30, 0.99, 'ai_graded');

-- ── 家长签字 (3条) ──
INSERT INTO parent_signatures (id, assignment_id, student_id, parent_name, status, signed_at) VALUES
('h0000000-0000-0000-0000-000000000001', 'e0000000-0000-0000-0000-000000000002', 's0000000-0000-0000-0000-000000000001', '李建国', 'signed', '2026-06-20 19:30'),
('h0000000-0000-0000-0000-000000000002', 'e0000000-0000-0000-0000-000000000002', 's0000000-0000-0000-0000-000000000002', '王芳', 'signed', '2026-06-20 20:00'),
('h0000000-0000-0000-0000-000000000003', 'e0000000-0000-0000-0000-000000000002', 's0000000-0000-0000-0000-000000000003', '张三', 'pending', NULL),
('h0000000-0000-0000-0000-000000000004', 'e0000000-0000-0000-0000-000000000002', 's0000000-0000-0000-0000-000000000004', '刘芳', 'pending', NULL);
